{
    "accuracies": [
        0.9966462813178142
    ],
    "test_losses": [
        0.017698935621881767
    ],
    "train_losses": [
        2.2802207675785673,
        1.8120097464903657,
        1.2425432263467227,
        0.7793461943113701,
        0.5033571740663375,
        0.3518270344718023,
        0.2787157751919309,
        0.22386984708001229,
        0.18970101497580474,
        0.16360971762443882,
        0.03290113329207559,
        0.016606300895776412,
        0.010998056074905838,
        0.007120132495085887,
        0.005968171664164545,
        0.005013703254406638,
        0.003927292250160389,
        0.003817247278589592,
        0.0038553731067445755,
        0.0021418069991300057,
        0.004047350093097778,
        0.0027394454199955688,
        0.003042884501342384,
        0.0018305926183615792,
        0.0036283578172137112,
        0.0018242305902636698,
        0.0028959144036956545,
        0.001582064530628376,
        0.002903902973749608,
        0.0019089142949649167
    ]
}