{
    "accuracies": [
        0.41430073606729756
    ],
    "test_losses": [
        1.8844650328848767
    ],
    "train_losses": [
        2.6420808854141344,
        2.4998182436988086,
        2.400188746757136,
        2.3186421857042623,
        2.246067898282562,
        2.189542538834672,
        2.1326397161459933,
        2.0794474767349778,
        2.0448177604632645,
        2.0142093358910995,
        1.9907466603332047,
        1.9498716227932695,
        1.91820113584899,
        1.872923293913977,
        1.839216310821457,
        1.8195876766314212,
        1.789409642029511,
        1.7696542263846327,
        1.7481756590548807,
        1.7266372922187132,
        1.6978220521470802,
        1.6814968854553463,
        1.663700275541559,
        1.6319495485626396,
        1.6182309480367578,
        1.5980825995545975,
        1.5924100098007214,
        1.5694607067747868,
        1.5585702777332213,
        1.5445018904735646
    ]
}