{
    "accuracies": [
        0.8034102306920762
    ],
    "test_losses": [
        0.5720767947950717
    ],
    "train_losses": [
        3.6642234468681423,
        3.0868527742090826,
        2.831519483338484,
        2.697043656884106,
        2.5204675417445324,
        2.352251094940869,
        2.1762331781146846,
        2.040817848518313,
        1.909750074249127,
        1.7722676304319605,
        1.6343173675099814,
        1.5146530874250166,
        1.41502881195177,
        1.3178969172398878,
        1.231747596031479,
        1.1488270817459818,
        1.0585103289289286,
        0.9878254420555247,
        0.9164903100798232,
        0.8686163853617926,
        0.8269497395952617,
        0.7777562848172064,
        0.7354726980193438,
        0.7025068797261783,
        0.6593643940313145,
        0.6266009541381005,
        0.6049621347003802,
        0.5843415512462554,
        0.5601459816518833,
        0.517704905010643
    ]
}