{
    "accuracies": [
        0.05
    ],
    "test_losses": [
        3.013450813293457
    ],
    "train_losses": [
        2.784445786476135,
        2.491091799736023,
        2.428969407081604,
        2.418178415298462,
        2.4258397102355955,
        2.4365511655807497,
        2.3820072412490845,
        2.3992870092391967,
        2.3893477439880373,
        2.3621633052825928,
        2.3374149680137633,
        2.2929940819740295,
        2.283913993835449,
        2.2807080864906313,
        2.267749309539795
    ]
}