{
    "accuracies": [
        0.6810431293881645
    ],
    "test_losses": [
        0.9370054432836435
    ],
    "train_losses": [
        3.7143088393282553,
        3.4285669409335893,
        3.0133850211376916,
        2.828027553143188,
        2.744878450879906,
        2.6698071407473174,
        2.5926053529401267,
        2.507719935803742,
        2.3928896279515084,
        2.219467471899464,
        2.0343884938245673,
        1.8945732292275315,
        1.7720037890623181,
        1.6722492453833921,
        1.6054539177531715,
        1.5309005521229437,
        1.4534469273410109,
        1.4127838533909614,
        1.3482588806036888,
        1.3035866271416077,
        1.251230063177893,
        1.2240038904547317,
        1.159108062607628,
        1.1344407367640494,
        1.060538352111579,
        1.0234606710121572,
        0.980320049616881,
        0.9650529722709187,
        0.903496822626195,
        0.8718741883179906
    ]
}