{
    "accuracies": [
        0.33945841392649906
    ],
    "test_losses": [
        2.334724415662902
    ],
    "train_losses": [
        2.9711799244403148,
        2.828609376006733,
        2.7387872457388927,
        2.6615250716188648,
        2.5844707711629957,
        2.5182510925250523,
        2.4514067472901733,
        2.3974052822757126,
        2.340210582071534,
        2.314308834583447,
        2.1536803379344893,
        2.112380765403707,
        2.090318250725335,
        2.073393117995094,
        2.058776457297035,
        2.0446804971814907,
        2.0320909798404823,
        2.0178459583992074,
        2.004951023859394,
        1.9911636014346865,
        1.9786680420643474,
        1.9659592437467313,
        1.9544109913480414,
        1.9425552017053198,
        1.9312541663617862,
        1.9196409918457975,
        1.904942241508602,
        1.896057770744752,
        1.8844011885334342,
        1.871131968256005
    ]
}