{
    "accuracies": [
        0.8984020516867233
    ],
    "test_losses": [
        0.3184624306077105
    ],
    "train_losses": [
        2.377431956160671,
        2.235460279802212,
        2.0838256422894217,
        1.929031467378948,
        1.7923026793394077,
        1.6800288254529716,
        1.5846659238711827,
        1.4952719194292288,
        1.416251736486884,
        1.3373240312665664,
        1.2604108749923517,
        1.183232719930562,
        1.113107245900334,
        1.0336532732914174,
        0.9624314313355268,
        0.8943789623933126,
        0.8303369059221665,
        0.7729972116206342,
        0.7181099409886559,
        0.6725704526754255,
        0.6196091774829954,
        0.573889373545288,
        0.5257017551456221,
        0.49015834976029016,
        0.4534043595558618,
        0.4235664655468467,
        0.39745867007610686,
        0.3644211468501097,
        0.347716234883824,
        0.3174574102536671
    ]
}