{
    "accuracies": [
        0.8916946143223515
    ],
    "test_losses": [
        0.33524997465049383
    ],
    "train_losses": [
        2.1973085812369932,
        1.9142964297834366,
        1.7584246764377072,
        1.6296290912463545,
        1.5127006186392393,
        1.4042748726369714,
        1.3075361788581539,
        1.2336857959874314,
        1.1604392746491439,
        1.0945882622616505,
        1.0335361916069332,
        0.9717016813081819,
        0.9130830122157472,
        0.8530962359184989,
        0.795531836720195,
        0.7408058985652524,
        0.6876998639194944,
        0.6420189956378114,
        0.5987886150756394,
        0.5523258659813172,
        0.5190803711298214,
        0.48222949221748607,
        0.44980863375890123,
        0.41726689308624526,
        0.3938320925019672,
        0.3681992989388994,
        0.3457900107009784,
        0.32687136714026316,
        0.3055120491117937,
        0.2868361194481391
    ]
}