{
    "accuracies": [
        0.7442326980942828
    ],
    "test_losses": [
        0.7537502137684415
    ],
    "train_losses": [
        3.576417937570078,
        2.9042710733000927,
        2.5753167770749696,
        2.354286338271707,
        2.1695399280025733,
        2.012725377498584,
        1.8660062719596822,
        1.729007643313917,
        1.6271375847975473,
        1.5272605110330453,
        1.4649188312663441,
        1.3576203257447428,
        1.2854228508306438,
        1.1977098276692613,
        1.1250498495830554,
        1.0644595247000856,
        0.9988951505150255,
        0.9541297201462124,
        0.901880060563855,
        0.8745526458519852,
        0.8228757214985891,
        0.7868562066866095,
        0.7355728720559812,
        0.7252205190178801,
        0.6743267388284587,
        0.653118047932881,
        0.6312484495120251,
        0.6103357783351769,
        0.5833356443163054,
        0.55558683593193
    ]
}