{
    "accuracies": [
        0.8774906293154469
    ],
    "test_losses": [
        0.38285926066105314
    ],
    "train_losses": [
        2.196836049777218,
        1.9748311039728241,
        1.7515636277992541,
        1.594728967434969,
        1.4916597547572286,
        1.4070334626831638,
        1.3325789586066024,
        1.2656389110979112,
        1.1995107848988213,
        1.1316739416063641,
        1.070870827717199,
        1.0026511718003877,
        0.9391741288898905,
        0.8820040199377387,
        0.8252674347933947,
        0.7734550299127063,
        0.7187184627488273,
        0.6731472403347566,
        0.6239827575739451,
        0.5846238996200585,
        0.5375309524223043,
        0.498539285799431,
        0.4670371336722345,
        0.4260068649281409,
        0.39723761460710544,
        0.36512632152449187,
        0.33543252801410073,
        0.32011987225121546,
        0.2923081529041254,
        0.27168829844926934
    ]
}