{
    "accuracies": [
        0.8555667001003009
    ],
    "test_losses": [
        0.45733850004680177
    ],
    "train_losses": [
        3.1011845506339792,
        1.8568898984829854,
        1.361126158261685,
        1.2060371678172532,
        1.046967793918287,
        0.9339281292904457,
        0.9907011095373204,
        0.7534016490416311,
        0.8078952000365773,
        0.7004486882893,
        0.8183958336931522,
        0.7714002085605449,
        0.6735872330337767,
        0.6065125699855949,
        0.8182814318732057,
        0.7482831848713075,
        0.5221211841079196,
        0.6130260801546368,
        0.7306885205959887,
        0.635737579087364,
        0.49607861812598375,
        0.5510950394843127,
        0.9807823577016782,
        0.4360915269654798,
        0.4306054309229228,
        0.548608317000065,
        0.6045732711619527,
        1.2307732066838508,
        0.32057422300180455,
        0.3103190727981506
    ]
}