{
    "accuracies": [
        0.8595787362086259
    ],
    "test_losses": [
        0.45380962053416607
    ],
    "train_losses": [
        3.8356259726712314,
        2.9667542901097153,
        2.1944534196232692,
        1.578363794235674,
        1.1957778459719322,
        0.9528492407074328,
        0.84516085837779,
        0.7572831473996896,
        0.668700348648937,
        0.6042124184736242,
        0.6171512243783903,
        0.6333426403012835,
        0.5377937475414023,
        0.5037183124937044,
        0.4788755770735774,
        0.5284005503951026,
        0.4691642423526898,
        0.5130069854886242,
        0.4240221519075991,
        0.47305381337416513,
        0.4106405869244561,
        0.4579510488061919,
        0.49702348596700446,
        0.38210824194766524,
        0.4305680270286086,
        0.5511667442795115,
        0.43881465079247195,
        0.3409415764187109,
        0.4788186189589671,
        0.3281649608964671
    ]
}