{
    "accuracies": [
        0.2862669245647969
    ],
    "test_losses": [
        2.5430173412743575
    ],
    "train_losses": [
        3.112568279828319,
        2.925792173769489,
        2.832350777610812,
        2.8029835708601554,
        2.765111274631576,
        2.72508662140306,
        2.679597319297071,
        2.6295551230611003,
        2.6059915811818293,
        2.5799301193137647,
        2.532845181431468,
        2.524392771847766,
        2.5211868381869347,
        2.518281440891733,
        2.5166638828904144,
        2.51361505490429,
        2.511270095486542,
        2.508887343436667,
        2.508459736197019,
        2.505378840219934,
        2.5033588855809845,
        2.5010337300155263,
        2.5006183504077852,
        2.498665992684219,
        2.4968500190387903,
        2.495983472583256,
        2.493122087911413,
        2.492850544375386,
        2.4911200185876337,
        2.4890574270478183
    ]
}