{
    "accuracies": [
        0.8851844545275203
    ],
    "test_losses": [
        0.3556354780019823
    ],
    "train_losses": [
        2.1680263879296224,
        1.8377881811226635,
        1.707212497673552,
        1.6089308864943932,
        1.5151025972530963,
        1.4200287648164536,
        1.3340650797066647,
        1.2547849101688064,
        1.186373964855321,
        1.1208095984747024,
        1.0587863501667536,
        1.0007816177584534,
        0.9500128176826731,
        0.895634835291144,
        0.8457694641376688,
        0.7992793528454518,
        0.7503490547951582,
        0.7113055063293542,
        0.6722201371780894,
        0.6327304281252086,
        0.5952693693690765,
        0.5631488824802027,
        0.525844082373726,
        0.49237150509319233,
        0.46327201302189713,
        0.4317914700552215,
        0.4051398490286638,
        0.3781641960313082,
        0.3606829902353328,
        0.34069288607774034
    ]
}