{
    "accuracies": [
        0.9915,
        0.99,
        1.0,
        1.0,
        0.995,
        1.0,
        0.9975,
        1.0,
        1.0,
        1.0
    ],
    "test_losses": [
        0.036293028253217924,
        0.04163062474830076,
        0.000636259228529525,
        0.00026360061914601827,
        0.015474393966927891,
        0.0008635214489950158,
        0.0042295668980004844,
        0.00013041101797762168,
        0.00017707859747315523,
        0.00016248800505127292
    ],
    "train_losses": [
        0.36864532810416856,
        0.10386024716580576,
        0.00459500881186068,
        0.0023575045118786873,
        0.1164308448519914,
        0.00855080105660818,
        0.040628551682137186,
        0.01578100429090574,
        0.001014550623833884,
        0.00026390312474541133
    ]
}