{
    "accuracies": [
        0.7421582166107713
    ],
    "test_losses": [
        0.7698650108589696
    ],
    "train_losses": [
        2.1248816272098243,
        1.1137450390561736,
        0.9061923763549137,
        0.8313500089357284,
        0.7655430482612732,
        0.7435990882743008,
        0.7266598587206642,
        0.6900173032489569,
        0.6955512093255611,
        0.6709507368290027,
        0.6789662806967184,
        0.6528823439385535,
        0.6612638320574484,
        0.6538646380469184,
        0.6475068500406498,
        0.6367472190868325,
        0.647205836257717,
        0.658022927852065,
        0.6504716450001691,
        0.636863321831815,
        0.6275430998922717,
        0.6213052852968105,
        0.6410973649739338,
        0.6560264164363706,
        0.6355655603954148,
        0.6292770431147551,
        0.6399627442779214,
        0.6212987680573352,
        0.6466514687377928,
        0.6296980157924492
    ]
}