{
    "accuracies": [
        0.0,
        0.0
    ],
    "test_losses": [
        1.6732077598571777,
        2.4039562543233237
    ],
    "train_losses": [
        1.665947397549947,
        1.6320552825927734
    ]
}