{
    "accuracies": [
        0.0,
        0.0
    ],
    "test_losses": [
        2.0707883834838867,
        2.090897798538208
    ],
    "train_losses": [
        2.142382025718689,
        2.11726450920105
    ]
}