{
    "accuracies": [
        0.6666666666666666,
        0.3333333333333333
    ],
    "test_losses": [
        1.4372860193252563,
        0.9441898465156555
    ],
    "train_losses": [
        1.6315308411916096,
        1.8185576995213826
    ]
}