{
    "accuracies": [
        0.20852239100414283,
        0.1662063523377392,
        0.19737620832511343,
        0.20842375221937265,
        0.16679818504636024,
        0.16719274018544092,
        0.20428092325902544,
        0.19323337936476623,
        0.15555336358256067,
        0.17646478595383705
    ],
    "test_losses": [
        2.6768905106181577,
        2.7528807631045034,
        2.685570405629712,
        2.540615594793904,
        2.549727767288485,
        2.4698347656372666,
        2.4802820050380103,
        2.5030961932221634,
        2.5295807142233233,
        2.459715328500642
    ],
    "train_losses": [
        0.007085725005840109,
        0.007087826052664534,
        0.00647026899269565,
        0.0065098633866127855,
        0.006136536510011271,
        0.006271764564749345,
        0.005913003528750193,
        0.006019969333408793,
        0.006329637708558107,
        0.0060756561994258634
    ]
}