{
    "accuracies": [
        0.2215,
        0.347,
        0.445,
        0.444,
        0.52,
        0.519,
        0.514,
        0.5555,
        0.53,
        0.536,
        0.487,
        0.5265,
        0.5635,
        0.563,
        0.3925,
        0.415,
        0.4865,
        0.5085,
        0.468,
        0.584
    ],
    "test_losses": [
        3.0293209495544433,
        2.4249981731176375,
        1.9624658128023147,
        2.1229607223570346,
        1.6500713534653186,
        1.626504856005311,
        1.6304745604991913,
        1.4989117223024369,
        1.608742580011487,
        1.531708853393793,
        1.9219993052333593,
        1.5438909732699395,
        1.4518783853054047,
        1.4321457962244748,
        2.1882545655965804,
        2.1451450155824423,
        1.6410306421965362,
        1.6124750710353255,
        1.6940481045246125,
        1.458846896365285
    ],
    "train_losses": [
        3.1809666858911516,
        2.6205152039825914,
        2.181756039574742,
        1.8986747388914227,
        1.769806992083788,
        1.6947807030035182,
        1.6399225018322467,
        1.6286715092202648,
        1.621968334342353,
        1.6048825463829561,
        1.645611902313307,
        1.5818282105047257,
        1.5834678331534378,
        1.5684174878410995,
        1.625470298205968,
        1.5633183950446545,
        1.6012773289699107,
        1.518456109419465,
        1.5686354356622323,
        1.508916335755028
    ]
}