{
    "accuracies": [
        0.8284854563691073
    ],
    "test_losses": [
        0.6118602552110237
    ],
    "train_losses": [
        3.2072313529397327,
        1.9277471994205126,
        1.3864955296892996,
        1.1555093655306876,
        0.9194868583741115,
        0.9481755372138233,
        0.9075496474243798,
        0.7412589778315138,
        0.8026067119345524,
        0.8363837522248105,
        0.8101189709557687,
        0.6126223882091731,
        0.595916962226531,
        0.7982881652010648,
        0.7838744034717499,
        0.5418525852301297,
        0.594825506453352,
        0.6284039222865851,
        0.9354811601276276,
        0.5456396826850083,
        0.48001833814810274,
        0.4924961177967774,
        0.8876447872181726,
        0.5872597530374488,
        0.4237614420250261,
        0.4814770800043881,
        0.5892449638342082,
        1.143781122800256,
        0.38308009547333904,
        0.3543047360587959
    ]
}