{
    "accuracies": [
        0.5,
        0.5,
        0.5
    ],
    "test_losses": [
        0.6932207345962524,
        0.7057774066925049,
        0.7030882835388184
    ],
    "train_losses": [
        0.7812621891498566,
        0.6983955502510071,
        0.6970133483409882
    ]
}