{
    "accuracies": [
<<<<<<< HEAD
        0.0,
        0.002,
        0.007,
        0.0,
        0.0,
        0.0,
        0.0,
        0.001,
        0.006,
        0.0
    ],
    "test_losses": [
        7.333696746826172,
        6.954894279479981,
        7.025340991973877,
        7.385502481460572,
        6.794309803009034,
        6.602954877853394,
        6.978283634185791,
        6.721689720153808,
        6.7896715297698975,
        6.635020444869995
    ],
    "train_losses": [
        6.203281861066818,
        6.073760500907898,
        6.1617919578552245,
        6.103318011283874,
        6.107351195335388,
        6.077539636850357,
        6.131619316101074,
        6.088131460666657,
        6.087551198959351,
        6.075273724317551
=======
        0.7853560682046138
    ],
    "test_losses": [
        0.7307907802126592
    ],
    "train_losses": [
        3.4771787239996437,
        1.3652520478257808,
        0.9724899527868353,
        0.8298551980950515,
        0.7211113475434171,
        0.7019999563626701,
        0.7075679064032544,
        0.6657921515957592,
        0.6356230347763488,
        0.6251892737816193,
        0.6547008228562226,
        0.5950200366840774,
        0.6834562751386848,
        0.49562352803772824,
        0.5913659813768882,
        0.49638323122996514,
        0.4997812075208718,
        0.6894061076321037,
        0.5975671757824402,
        0.691153625692093,
        0.46316426393219956,
        0.49759335177872865,
        0.5921258599168009,
        0.46075448302967814,
        0.6225663058715869,
        0.6411203432226702,
        0.45015539933127363,
        0.4877184932623136,
        0.4521309941120959,
        0.6703884581414946
>>>>>>> 704985b032abe51afafd9a8cd44de75dbba58cf2
    ]
}