{
    "accuracies": [
        0.8127835865062143
    ],
    "test_losses": [
        0.5815877858045939
    ],
    "train_losses": [
        1.9626643833426158,
        1.5239410886355893,
        1.2921199304019773,
        1.1479057498866032,
        1.027922473024352,
        0.944646961106913,
        0.8868198375754821,
        0.8675897502781578,
        0.8365758170431845,
        0.8035443401748243,
        0.7890066742117984,
        0.791960883543318,
        0.788704201329945,
        0.7693596218267292,
        0.7602913153656607,
        0.7354840272863461,
        0.7343364912749218,
        0.7375373678128022,
        0.739301583654857,
        0.7137603677642037,
        0.7103741494082052,
        0.7404853510121676,
        0.7045404988696337,
        0.6893269572834199,
        0.7104764860728813,
        0.7135248215660067,
        0.6898683500642694,
        0.6699029944842605,
        0.6850807442177091,
        0.6896106225086788
    ]
}