{
    "accuracies": [
        0.16666666666666666,
        0.0
    ],
    "test_losses": [
        1.6567128499348958,
        1.6385222276051838
    ],
    "train_losses": [
        1.7048721114794414,
        1.6769939462343852
    ]
}