{
    "accuracies": [
        0.3333333333333333,
        0.6666666666666666,
        0.3333333333333333,
        0.3333333333333333,
        0.3333333333333333
    ],
    "test_losses": [
        0.7363622784614563,
        0.6855772137641907,
        0.8142961859703064,
        1.1373469829559326,
        0.7483105063438416
    ],
    "train_losses": [
        0.7185803320672777,
        0.7680864731470743,
        0.6966772145695157,
        0.7070948315991296,
        0.8201203478707207
    ]
}