{
    "accuracies": [
        0.7989741566383902
    ],
    "test_losses": [
        0.7216686350185976
    ],
    "train_losses": [
        1.9851465108391684,
        1.500970705228728,
        1.2135675025897608,
        1.0670126367997006,
        0.9515001461920403,
        0.9470377041732045,
        0.8616401940209357,
        0.8359057883093302,
        0.811717255177245,
        0.7590017929794463,
        0.7891549156391223,
        0.7522962072539418,
        0.731552932922408,
        0.6944726730524832,
        0.7384078430570892,
        0.702768725033312,
        0.691478214865842,
        0.7109858942561026,
        0.6845646242876382,
        0.6761204703933067,
        0.6991681695792884,
        0.6847885491051303,
        0.6710889801790917,
        0.6875670928270102,
        0.6857541039589742,
        0.6830675780721717,
        0.6543041501709624,
        0.6649054267356671,
        0.6390076570372694,
        0.6463297707864006
    ]
}