{
    "accuracies": [
        0.2547642928786359,
        0.4493480441323972,
        0.5406218655967904,
        0.5757271815446339,
        0.5506519558676028,
        0.6308926780341023,
        0.6529588766298897,
        0.522567703109328,
        0.7191574724172518,
        0.6278836509528586,
        0.6920762286860582,
        0.6268806419257773,
        0.7181544633901705,
        0.6098294884653962,
        0.7141424272818455,
        0.649949849548646,
        0.7171514543630892,
        0.7472417251755266,
        0.675025075225677,
        0.7091273821464393,
        0.6870611835506519,
        0.6258776328986961,
        0.7101303911735206,
        0.6770310932798396,
        0.6659979939819458,
        0.5155466399197592,
        0.7001003009027081,
        0.6840521564694082,
        0.6920762286860582,
        0.6038114343029087
    ],
    "test_losses": [
        2.599615384965627,
        1.8736516080624839,
        1.6235950928155254,
        1.352801669923329,
        1.5561460786262749,
        1.1405780388335647,
        1.1945106773940826,
        1.6838003663624541,
        0.9614542887705857,
        1.2174062874754787,
        0.9719293890530272,
        1.232941580990492,
        0.8517719577762524,
        1.3853437405531719,
        0.9093101728883167,
        1.1083664280122356,
        0.9395266504082063,
        0.8236905562363512,
        1.1163734470231603,
        0.869994525385716,
        1.1449831109587383,
        1.24903910939648,
        0.9699185165084353,
        1.155629536691855,
        1.2013787062560304,
        1.93306994402301,
        1.0301557349465198,
        1.0257329278688134,
        0.9817611038266357,
        1.415601483020285
    ],
    "train_losses": [
        3.308647360141866,
        2.2772548551048573,
        1.736799479134707,
        1.5394100815659708,
        1.4438245503909315,
        1.2995237712129688,
        1.2726987645267438,
        1.203423747138776,
        1.15169227173361,
        1.0678641216591302,
        1.1405939455015,
        1.0460010577049776,
        1.1610730892483563,
        0.9736455163166344,
        1.0211368316001448,
        0.9988596429229306,
        1.0069404488305345,
        1.0296696295494148,
        0.999320071578968,
        1.1267801125264798,
        0.8868701627159968,
        1.00115793213209,
        0.9315083002284396,
        0.9434597809197178,
        1.0077355999544892,
        1.025073611557581,
        0.9126173099039071,
        0.9582452831336282,
        1.0200618569589726,
        0.8762966774421809
    ]
}