{
    "accuracies": [
        0.801736042611955
    ],
    "test_losses": [
        0.6137096322977371
    ],
    "train_losses": [
        2.0522553676094875,
        1.5080932264498512,
        1.2512772973794972,
        1.11237979286255,
        1.0160411941373098,
        0.9469717651818742,
        0.9138188394871064,
        0.864908334712065,
        0.8311480548117958,
        0.8176271903533235,
        0.7901214368510923,
        0.7674685256989757,
        0.7752167724637009,
        0.7742697224546449,
        0.7268858412955457,
        0.7372725568423288,
        0.7208387877467822,
        0.7014943343614092,
        0.7229410411411972,
        0.7080745177851064,
        0.706199807688208,
        0.6906783085591108,
        0.6727143392492311,
        0.6919068297288127,
        0.6904629549858161,
        0.6589474300465072,
        0.6703805686516915,
        0.6571024935063245,
        0.6554264641135159,
        0.6664643880206765
    ]
}