{
    "accuracies": [
        0.795423160386664
    ],
    "test_losses": [
        0.627703361443971
    ],
    "train_losses": [
        2.5546313070633557,
        1.8237720065404983,
        1.3528316036605366,
        1.1001606939047686,
        0.978898537376512,
        0.8982570593703983,
        0.8510838361872698,
        0.8287401958987687,
        0.8093401270979871,
        0.7935191081175822,
        0.7775305383772797,
        0.7699992004128773,
        0.7574460630543282,
        0.7580513736410882,
        0.7392682142559388,
        0.7216597667398935,
        0.7437074743775346,
        0.7218651343215114,
        0.7350729154213878,
        0.7184712658673709,
        0.7186954798666088,
        0.7187861016337587,
        0.7302931962324865,
        0.7160449385687102,
        0.7239912893063631,
        0.7106273906930601,
        0.7131612349901482,
        0.7118954980990743,
        0.6961511422761713,
        0.709558831304863
    ]
}