{
    "accuracies": [
        0.05
    ],
    "test_losses": [
        5.4256549835205075
    ],
    "train_losses": [
        3.9334314703941344,
        3.7491273999214174,
        3.5165420055389403,
        3.273484230041504,
        2.934209132194519
    ]
}