{
    "accuracies": [
        0.01
    ],
    "test_losses": [
        8.678545379638672
    ],
    "train_losses": [
        5.353109121322632,
        5.149136214256287,
        5.076162042617798,
        4.954120125770569,
        4.88933922290802,
        4.781411247253418,
        4.647735376358032,
        4.518559758663177,
        4.358563358783722,
        4.235247344970703,
        3.9955965375900266,
        3.8455681943893434,
        3.6412751483917236,
        3.5692726969718933,
        3.3222608184814453
    ]
}