{
    "accuracies": [
        0.02
    ],
    "test_losses": [
        6.292661724090576
    ],
    "train_losses": [
        2.6663552570343017,
        2.4886787033081053,
        2.472960338592529,
        2.5145921516418457,
        2.4290377426147463,
        2.367218222618103,
        2.382766318321228,
        2.2946607303619384,
        2.167348275184631,
        2.119722828865051
    ]
}