{
    "accuracies": [
        0.3333333333333333,
        0.3333333333333333,
        0.3333333333333333,
        0.3333333333333333,
        0.3333333333333333,
        0.3333333333333333,
        0.3333333333333333,
        0.3333333333333333,
        1.0,
        1.0
    ],
    "test_losses": [
        0.8442129492759705,
        0.6994960308074951,
        0.7757472991943359,
        0.7128792405128479,
        0.7313504219055176,
        0.9180395007133484,
        0.8841555714607239,
        0.6476280093193054,
        0.1660839170217514,
        0.0014525479637086391
    ],
    "train_losses": [
        0.6912111904886034,
        0.7296144035127428,
        0.6773250963952806,
        0.8162713978025649,
        0.712747852007548,
        0.6848531034257677,
        0.7415269845061832,
        0.7317527367009057,
        0.5091474652290344,
        0.09058913360867235
    ]
}