{
    "accuracies": [
        0.2655,
        0.338,
        0.429,
        0.4705,
        0.463,
        0.42,
        0.473,
        0.4765,
        0.5585,
        0.5625,
        0.5305,
        0.557,
        0.5605,
        0.538,
        0.528,
        0.5515,
        0.5805,
        0.469,
        0.518,
        0.5175
    ],
    "test_losses": [
        2.8175263417959213,
        2.4137369965314863,
        2.130656437575817,
        1.8076380965709686,
        1.7004743008613585,
        2.039043991059065,
        1.7870988565683366,
        1.7855444479882716,
        1.4333377429246903,
        1.4609795675873756,
        1.5081175789833068,
        1.4216116136610508,
        1.450935202419758,
        1.5315164191648365,
        1.6481318223178387,
        1.5778154728338123,
        1.4073580838739872,
        1.8932886013239623,
        1.6400680248141288,
        1.6154400683939456
    ],
    "train_losses": [
        3.2622645428180697,
        2.4465502393096688,
        2.189328740593046,
        2.025980001700111,
        1.9273238404989244,
        1.8359918507169932,
        1.737719570901245,
        1.7799963746573777,
        1.7316597895231098,
        1.6689658638872207,
        1.6950430054180323,
        1.6439315851242282,
        1.6466490822583437,
        1.637699604280293,
        1.5925832566153257,
        1.6340404181340709,
        1.6105306265968828,
        1.596421401400119,
        1.5507866387385876,
        1.6128285216819496
    ]
}