{
    "accuracies": [
        0.19358074222668004,
        0.27382146439317956,
        0.3420260782347041,
        0.3299899699097292,
        0.40722166499498497,
        0.43029087261785354,
        0.48746238716148443,
        0.4583751253761284,
        0.45536609829488467,
        0.47342026078234706,
        0.45135406218655966,
        0.45135406218655966,
        0.4684052156469408,
        0.5045135406218656,
        0.5145436308926781,
        0.551654964894684,
        0.5005015045135406,
        0.49147442326980945,
        0.5456369107321966,
        0.5085255767301906,
        0.4934804413239719,
        0.506519558676028,
        0.5496489468405216,
        0.4563691073219659,
        0.4483450351053159,
        0.5045135406218656,
        0.4744232698094283,
        0.518555667001003,
        0.5255767301905717,
        0.4112337011033099
    ],
    "test_losses": [
        2.851188541056519,
        2.5088399958347485,
        2.1975144857807885,
        2.2315829328691947,
        2.2302004215769924,
        2.048597484438446,
        1.7365809671558372,
        1.984606464175786,
        2.0116602675008437,
        1.8316591805297369,
        1.9404189756052306,
        1.9670924500841553,
        1.789452331235918,
        1.7433871438310162,
        1.530916133280862,
        1.553460735943516,
        1.6382104098617492,
        1.7284953987623828,
        1.4407282771174623,
        1.7651127175079544,
        1.7584100106176186,
        1.7360331811302285,
        1.5600347427152463,
        1.9393714600604182,
        2.00714403564258,
        1.7704195454940872,
        1.7256978137442915,
        1.6282107002039252,
        1.615111400962713,
        2.142700804855185
    ],
    "train_losses": [
        3.46755480990627,
        2.5430713561020597,
        2.2738813140762897,
        2.0969132315916603,
        1.9791448508170688,
        1.936744018504916,
        1.848982751305916,
        1.8024444451387127,
        1.733574489931916,
        1.7637071601402474,
        1.7330358537287174,
        1.710758298171866,
        1.6670241603781326,
        1.714176399906925,
        1.7016658606018211,
        1.6357733944386315,
        1.6752479073170092,
        1.6760431115210932,
        1.6574347245582537,
        1.6293124990004277,
        1.674036980735255,
        1.6199336244790472,
        1.6403957036880115,
        1.5744999644168123,
        1.6133764188597872,
        1.633584027855433,
        1.6085468012937234,
        1.6287477891534667,
        1.5858110312296267,
        1.5382341011580987
    ]
}