{
    "accuracies": [
        0.7676070230814757
    ],
    "test_losses": [
        0.6584109531913572
    ],
    "train_losses": [
        2.029326706896875,
        1.5045119051545233,
        1.207034498795628,
        1.0126088304040464,
        0.9060723899619059,
        0.8652678530070697,
        0.8202793317526101,
        0.7949350350823268,
        0.7534844614471666,
        0.7681675977124827,
        0.7308996004961275,
        0.7224172423329807,
        0.7233349936355351,
        0.714207418186156,
        0.697309952856727,
        0.6886382714152777,
        0.690581228636784,
        0.6800689900318292,
        0.6858308685016985,
        0.6795813787101083,
        0.6690155016567498,
        0.6621062756084485,
        0.6535930985070848,
        0.6539092281038165,
        0.6556998271624639,
        0.6441611560763912,
        0.6503455683335423,
        0.6495320712766723,
        0.632315200589294,
        0.6396704319417109
    ]
}