{
    "accuracies": [
        0.8205128205128205
    ],
    "test_losses": [
        0.5077390747192578
    ],
    "train_losses": [
        1.3171242806079302,
        1.130848248076388,
        0.6975676642942225
    ]
}