{
    "accuracies": [
        0.0
    ],
    "test_losses": [
        4.339554405212402
    ],
    "train_losses": [
        3.8611741781234743,
        3.788371205329895,
        3.678756046295166
    ]
}