{
    "accuracies": [
        0.0,
        0.0,
        0.0
    ],
    "test_losses": [
        2.1553187370300293,
        2.2292919158935547,
        2.0988101959228516
    ],
    "train_losses": [
        2.102921485900879,
        2.3644663095474243,
        2.1086634397506714
    ]
}