{
    "accuracies": [
        0.7141448017360427
    ],
    "test_losses": [
        0.8559234690021824
    ],
    "train_losses": [
        2.2933099662684335,
        1.8280135974225515,
        1.4140858325887697,
        1.1933953768433831,
        1.0643909678932477,
        0.987185823111881,
        0.9321617301148345,
        0.9145977630965072,
        0.872544068781574,
        0.8604345324661229
    ]
}