{
    "accuracies": [
        0.6666666666666666,
        0.3333333333333333,
        0.3333333333333333,
        0.3333333333333333,
        0.3333333333333333,
        0.3333333333333333,
        0.3333333333333333,
        0.6666666666666666,
        0.3333333333333333,
        0.0
    ],
    "test_losses": [
        1.3041936159133911,
        1.082707405090332,
        0.9037571549415588,
        0.9892285466194153,
        0.909703254699707,
        0.9089100956916809,
        0.7192366719245911,
        0.6335557699203491,
        1.0059504508972168,
        1.3325557708740234
    ],
    "train_losses": [
        1.6511995792388916,
        1.4318300485610962,
        1.5479589899381,
        1.2807590564092,
        1.1413698196411133,
        0.9345949093500773,
        0.9312018752098083,
        1.0784205794334412,
        0.8381754954655966,
        0.9276125629742941
    ]
}