{
    "accuracies": [
        0.3333333333333333,
        0.3333333333333333
    ],
    "test_losses": [
        1.1174975633621216,
        1.1736278533935547
    ],
    "train_losses": [
        1.5707790056864421,
        1.4142187039057414
    ]
}