{
    "accuracies": [
        0.0,
        0.002,
        0.007,
        0.0,
        0.0,
        0.0,
        0.0,
        0.001,
        0.006,
        0.0
    ],
    "test_losses": [
        7.333696746826172,
        6.954894279479981,
        7.025340991973877,
        7.385502481460572,
        6.794309803009034,
        6.602954877853394,
        6.978283634185791,
        6.721689720153808,
        6.7896715297698975,
        6.635020444869995
    ],
    "train_losses": [
        6.203281861066818,
        6.073760500907898,
        6.1617919578552245,
        6.103318011283874,
        6.107351195335388,
        6.077539636850357,
        6.131619316101074,
        6.088131460666657,
        6.087551198959351,
        6.075273724317551
    ]
}