{
    "accuracies": [
        0.5,
        0.5,
        0.5
    ],
    "test_losses": [
        0.6932128667831421,
        0.6932220458984375,
        0.7463817000389099
    ],
    "train_losses": [
        0.7571330666542053,
        0.6968059837818146,
        0.7050622701644897
    ]
}