{
    "accuracies": [
        0.2715,
        0.308,
        0.401,
        0.452,
        0.428,
        0.4765,
        0.409,
        0.4675,
        0.4385,
        0.5495,
        0.488,
        0.5095,
        0.3725,
        0.574,
        0.4935,
        0.5475,
        0.494,
        0.4735,
        0.5375,
        0.452
    ],
    "test_losses": [
        2.776696755230427,
        2.5111885457932948,
        2.0322562339901924,
        1.8284477317631245,
        2.1212274515628815,
        1.7759542664885521,
        2.2422844750806687,
        1.8663312699124217,
        2.1942083472907545,
        1.629624818339944,
        1.678873451575637,
        1.773544996291399,
        2.3373482693135736,
        1.4621230885609984,
        1.730343206360936,
        1.5615419157743453,
        1.8249975372422487,
        1.8968124147057532,
        1.4525053338110447,
        1.9573720485568047
    ],
    "train_losses": [
        3.1489018863737583,
        2.513787781730294,
        2.180468358036131,
        1.9941043113395571,
        1.875375461190939,
        1.8527761129923166,
        1.789053843766451,
        1.7642529361005872,
        1.7171356349475682,
        1.8013284650780261,
        1.713311755059287,
        1.6745117190973833,
        1.6687884480739013,
        1.7039131134562195,
        1.6179212146960198,
        1.631342333905399,
        1.5986019138544798,
        1.596035045273602,
        1.628551988210529,
        1.5922508649416267
    ]
}