{
    "accuracies": [
        0.1,
        0.0,
        0.0
    ],
    "test_losses": [
        3.6614211082458494,
        3.827806568145752,
        3.8201611995697022
    ],
    "train_losses": [
        3.8678024053573608,
        3.824835169315338,
        3.7946951627731322
    ]
}