{
    "accuracies": [
        0.1725,
        0.2225,
        0.185,
        0.22,
        0.26,
        0.3,
        0.2875,
        0.3225,
        0.375,
        0.395
    ],
    "test_losses": [
        3.5064690470695496,
        3.2116620004177094,
        3.2828265476226806,
        3.054382829070091,
        2.8080444782972336,
        2.5450886952877045,
        3.0778028178215027,
        2.6524629896879195,
        2.40839132130146,
        2.188389814198017
    ],
    "train_losses": [
        4.153011053204536,
        3.364159453809261,
        3.1424902595579622,
        2.997946334183216,
        2.7874437527358533,
        2.641046778857708,
        2.530378377586603,
        2.3877167553454637,
        2.2936943056713788,
        2.2242984363436697
    ]
}