{
    "accuracies": [
        0.31545741324921134
    ],
    "test_losses": [
        2.1689292341627406
    ],
    "train_losses": [
        2.7638267731644612,
        2.659923975081659,
        2.5809229541480283,
        2.53945558607053,
        2.492724060683004,
        2.4571504064818583,
        2.431446116299562,
        2.4160555993257877,
        2.399027033540805,
        2.3829346664262636,
        2.3702897098242226,
        2.3581346287690352,
        2.341924132852982,
        2.326235164925564,
        2.305879944392792,
        2.283485054797316,
        2.2686855900872462,
        2.2528227170517487,
        2.2414995732000746,
        2.2206697575625474,
        2.2017513502746384,
        2.1919308614686934,
        2.1838113283869562,
        2.164760676509657,
        2.147665111199815,
        2.137034822981028,
        2.113915500367423,
        2.112901859592015,
        2.0834177576772763,
        2.0805184298027006
    ]
}