{
    "accuracies": [
        0.9944762280528704
    ],
    "test_losses": [
        0.017374871978709412
    ],
    "train_losses": [
        1.8923701770385009,
        1.3492431137447145,
        0.9776239432624177,
        0.713380693001753,
        0.526711458473773,
        0.4089033457809547,
        0.3275121591141868,
        0.27010549226373837,
        0.2299979528936336,
        0.19321929020795664,
        0.049495078694768956,
        0.029533525147669375,
        0.020679593872837035,
        0.01633674265757093,
        0.01195951745774753,
        0.009507966719978458,
        0.008086322583476342,
        0.0073418075701310245,
        0.006171862118420709,
        0.005484687467309521,
        0.00435635357001712,
        0.005242827271818845,
        0.004062178380835891,
        0.004048731518558653,
        0.003336889117136302,
        0.0041923109025211545,
        0.0039919048690001836,
        0.003071614168862466,
        0.0025883155773575683,
        0.005193522760396796
    ]
}