{
    "accuracies": [
        0.43007360672975814
    ],
    "test_losses": [
        1.8418238346634352
    ],
    "train_losses": [
        2.641380998785051,
        2.4895056036605845,
        2.4068634407027654,
        2.3249113818116838,
        2.250721539350994,
        2.194199944771733,
        2.1352594360997297,
        2.094897183998155,
        2.040030747483502,
        1.98852273360469,
        1.9737732053884907,
        1.9246198558405985,
        1.8852896410180568,
        1.855139009383075,
        1.832138281048528,
        1.8040841534531902,
        1.7743084770934168,
        1.7512084803470855,
        1.7304958976539644,
        1.704667944634069,
        1.6778162145997197,
        1.6550654194691488,
        1.6339270252938742,
        1.6116267575192855,
        1.5934141325383033,
        1.5826431384106052,
        1.5587790410298823,
        1.5401980456718878,
        1.5223215792220814,
        1.5060241423859873
    ]
}