{
    "accuracies": [
        0.9958571710396528
    ],
    "test_losses": [
        0.012641108941876021
    ],
    "train_losses": [
        1.8102765023223275,
        1.1055434774588127,
        0.7762201847424489,
        0.5407559003180258,
        0.39938299854645454,
        0.30606551752651956,
        0.24127184646050234,
        0.20224653865586226,
        0.18016341655077608,
        0.15546696852038255,
        0.03171536122407975,
        0.01657633184985879,
        0.011645854475957361,
        0.007908219239409237,
        0.006225680593707233,
        0.005420172287977465,
        0.0031777272034319046,
        0.003042594269591983,
        0.0031167547704539127,
        0.003775321818620762
    ]
}