{
    "accuracies": [
        0.9948707831919511
    ],
    "test_losses": [
        0.022819723485268815
    ],
    "train_losses": [
        1.9119987991147211,
        1.310025868345277,
        0.942073520217665,
        0.6788278933576826,
        0.4955127099909706,
        0.36815363272675455,
        0.2810980985715122,
        0.22901558978673708,
        0.19837787386516864,
        0.16597548184482297,
        0.036149825554492664,
        0.019015022475144947,
        0.012645936260521228,
        0.008631836083136573,
        0.006554633406959543,
        0.005388828891729385,
        0.004429440382141999,
        0.004636117515862436,
        0.003718571628544522,
        0.0033045862455478824
    ]
}