{
    "accuracies": [
        0.4931650893796004
    ],
    "test_losses": [
        1.7143492924302157
    ],
    "train_losses": [
        2.7888007568055575,
        2.5547877595594928,
        2.4693071232271024,
        2.38667404711223,
        2.3570295392126375,
        2.3061919677387674,
        2.255094413426179,
        2.200764287181329,
        2.1700377080152964,
        2.147760280837797,
        1.909613236289079,
        1.825718350243007,
        1.7794819474141879,
        1.7426228884190584,
        1.7188492699169915,
        1.6965174192380672,
        1.6772468884995027,
        1.6510431478482304,
        1.6222798774920686,
        1.6002517197769628,
        1.588850281919976,
        1.5579734881049971,
        1.5417305024990702,
        1.5214166948862111,
        1.5052810346830932,
        1.4957070242303399,
        1.4729673198598099,
        1.4606939475347882,
        1.437423769539945,
        1.4281983291978948,
        1.3944165497786996,
        1.3873243043881474,
        1.374518628388851,
        1.3513075526130995,
        1.3322840221427106,
        1.3226029518386588,
        1.2968657208903283,
        1.2811577391674625,
        1.2773550784887333,
        1.261437619695158,
        1.2364159087264255,
        1.2386294329274599,
        1.2163358345896291,
        1.2003970997601328,
        1.1925108536095992,
        1.1796548833317715,
        1.1692099394875735,
        1.139816653817857,
        1.1407069959256988,
        1.1295348413599238,
        1.1099513045101908,
        1.1137384750271382,
        1.0805610824804095,
        1.0889466337650902,
        1.0693720753735716,
        1.0586174648423172,
        1.0447565908026228,
        1.0281182270088933,
        1.0250576389756278,
        1.0018962942407772,
        0.9977179223121067,
        0.9885177552880354,
        0.9700053057125112,
        0.9687750860073645,
        0.9426246459556539,
        0.931938239604658,
        0.9349472332781559,
        0.9191410301485203,
        0.9150382968511735,
        0.8939463334633585
    ]
}