{
    "accuracies": [
        0.9861905701321759
    ],
    "test_losses": [
        0.04746709825530595
    ],
    "train_losses": [
        1.897739280060981,
        1.2705707592440887,
        0.8519017359467381,
        0.579695725100696,
        0.4248304428081183,
        0.3280905850560539,
        0.2562374616326114,
        0.21303769117770155,
        0.18205982418094663,
        0.1603697209360604,
        0.03510826516239623,
        0.019827339187145014,
        0.013472362185418422,
        0.00973887906902448,
        0.007927958285814994,
        0.005653772889787179,
        0.004831023510840048,
        0.004550640444012454,
        0.0036358210907771874,
        0.003325188600361455,
        0.0021709108346108287,
        0.0032148621167037887,
        0.0012393483138125293,
        0.003549234607399705,
        0.0011299562347612461,
        0.0038554409136307374,
        0.001861148844985521,
        0.0021118702349191562,
        0.00283245540912603,
        0.0010727986134120402
    ]
}