{
    "accuracies": [
        0.8916946143223515
    ],
    "test_losses": [
        0.33617248262237764
    ],
    "train_losses": [
        2.2119739166640766,
        2.0117859880139295,
        1.8246347152731128,
        1.619369028722902,
        1.4948267454283746,
        1.3843517609324614,
        1.2586425603273912,
        1.1420878638439202,
        1.0465267837503247,
        0.9612369613083017,
        0.8931260494386224,
        0.8232712670289779,
        0.762224124123224,
        0.7018730879476714,
        0.6484970685924173,
        0.5933367792804497,
        0.5434959391939067,
        0.5071893469267209,
        0.46649829906100265,
        0.4275914454522615,
        0.39501182927964795,
        0.36680125842700023,
        0.33797223116077124,
        0.31175318855980616,
        0.28998259240432966,
        0.27219053681880123,
        0.25000456014411515,
        0.22701293783861817,
        0.2125306512534839,
        0.20310067769245654
    ]
}