{
    "accuracies": [
        0.8946537778654567
    ],
    "test_losses": [
        0.3214367950608166
    ],
    "train_losses": [
        2.178671533423493,
        1.7941193006071003,
        1.6646676021968687,
        1.574880346187681,
        1.4893402320888862,
        1.405977011511858,
        1.3148916861896303,
        1.2336561246012347,
        1.149148508790977,
        1.0674246845439388,
        0.9945750202174252,
        0.9313772865729326,
        0.8692695988562192,
        0.8075461636797862,
        0.756173157562604,
        0.7021275922020326,
        0.6545329125425818,
        0.6017082251279481,
        0.5595114707932078,
        0.5173523228089113,
        0.4785107491328008,
        0.4461279919556125,
        0.4090107437567705,
        0.38203380724835484,
        0.35122982752234955,
        0.32566539464029226,
        0.301198731991939,
        0.2841827641756408,
        0.2659942411119635,
        0.2445603224517532
    ]
}