{
    "accuracies": [
        0.691073219658977
    ],
    "test_losses": [
        0.9495487858801931
    ],
    "train_losses": [
        3.588764569224266,
        3.0697622750547535,
        2.9218192213288425,
        2.7735854795415493,
        2.61527375474417,
        2.4115624387715004,
        2.261803858074695,
        2.092409590618357,
        2.000850384260208,
        1.8673701447086193,
        1.7777814235341487,
        1.697387673701984,
        1.6266750178482463,
        1.552785724472512,
        1.5034171034320356,
        1.4412129976088093,
        1.4325463008198651,
        1.3539092036445741,
        1.361027868011488,
        1.2822980739483794,
        1.2425700717432377,
        1.1863912672847565,
        1.199368143916175,
        1.1023549761830183,
        1.0696746391927623,
        1.1438195691804427,
        1.0174312077087855,
        0.972651402234074,
        0.9473622862846426,
        0.9154284990722928
    ]
}