{
    "accuracies": [
        0.34279705573080965
    ],
    "test_losses": [
        2.1244014901442982
    ],
    "train_losses": [
        2.7373666903791687,
        2.598685151696848,
        2.535909392685384,
        2.469747214117882,
        2.4369549304423295,
        2.416899543490266,
        2.4003280087488195,
        2.3826883493968096,
        2.3632831562197274,
        2.354643467161572,
        2.3358285970065715,
        2.3191290314097506,
        2.312927709337004,
        2.296633301793502,
        2.2805645588462515,
        2.2670312994297563,
        2.2483205185365507,
        2.2379970182702054,
        2.218289086273998,
        2.207305696125675,
        2.1870546125509573,
        2.1715669888627227,
        2.151685991860151,
        2.135748674802744,
        2.1158246756634806,
        2.0996493149725652,
        2.073582013124042,
        2.0659293608964626,
        2.0413031390853797,
        2.025690022290074
    ]
}