{
    "accuracies": [
        0.9960544486091931
    ],
    "test_losses": [
        0.018845153780435022
    ],
    "train_losses": [
        1.9094075619512951,
        1.2951656191328451,
        0.8697118453841322,
        0.5652155713926261,
        0.38205861470261276,
        0.28672329383552003,
        0.216981209729294,
        0.17520478002984266,
        0.1598572947495099,
        0.1357821177016443,
        0.025911021543857347,
        0.010966295121968568,
        0.006659204856697562,
        0.00408195248329277,
        0.003272366085433965,
        0.0021834847984350896,
        0.0019835001370270204,
        0.0018961405717248428,
        0.0008346986287796976,
        0.0020458705378202527,
        0.0005132364946972026,
        0.0024089253781067735,
        0.0003900665022440358,
        0.0022876267998649625,
        0.0013140663406991445,
        0.0004930848441625077,
        0.002036174409541918,
        0.0005417945746221303,
        0.0018457020443835672,
        0.0017533190712393661
    ]
}