{
    "accuracies": [
        0.434279705573081
    ],
    "test_losses": [
        1.812169784689802
    ],
    "train_losses": [
        2.8845090587311915,
        2.6041000265048457,
        2.5482793605972023,
        2.4858543554701398,
        2.4609784225437275,
        2.4251973264768973,
        2.4001423607652757,
        2.3393016215548554,
        2.3234063590276905,
        2.3190125383139755,
        2.0561259481979954,
        1.9938292644470126,
        1.9585676458216523,
        1.9395157120250706,
        1.9029372040102486,
        1.8790833706387278,
        1.857042737725564,
        1.8314715280480154,
        1.8135521518828193,
        1.7884690884177847,
        1.7616015975763495,
        1.750620745693745,
        1.7327418798336023,
        1.707909980683237,
        1.6796367315811405,
        1.6653332527759717,
        1.6557526407344678,
        1.6346958058924326,
        1.6077678622532154,
        1.6097520892437893,
        1.5804490865758574,
        1.5694993398980719,
        1.5525828000669117,
        1.526710860959389,
        1.517894890313711,
        1.5041653149679557,
        1.4845192383484325,
        1.4642374500167787,
        1.4545610287495856,
        1.4224454965087185,
        1.406003652333304,
        1.411668206866785,
        1.3855354183209063,
        1.3807037281046162,
        1.3508735738364424,
        1.3493828424792156,
        1.3232938417334095,
        1.3164685388058561,
        1.3010564262610147,
        1.2867177780813157,
        1.2778654239623934,
        1.2619866214581859,
        1.2487823502195519,
        1.2323786288668384,
        1.2177493930035448,
        1.200788868785955,
        1.1853155182581676,
        1.1850531522684877,
        1.1751020567426238,
        1.1659736178132338,
        1.1292314230886147,
        1.134799384026563,
        1.127369865639875,
        1.1235919229046352,
        1.0949519506398273,
        1.0830454785040173,
        1.077838920118557,
        1.0680264292399255,
        1.0548699305086688,
        1.0478828282289154
    ]
}