{
    "accuracies": [
        0.4332281808622503
    ],
    "test_losses": [
        1.9913197803447173
    ],
    "train_losses": [
        2.6612556890705674,
        2.4873191605394456,
        2.4015888163373296,
        2.3060389178121903,
        2.228184986879649,
        2.1630069886510754,
        2.1083419018319827,
        2.072224562330872,
        2.028671978806628,
        1.9891187728243127,
        1.953419645115151,
        1.93799740243049,
        1.8908823883158743,
        1.8709605697831024,
        1.845542897303826,
        1.8178093126223744,
        1.798379004448476,
        1.7713524075412412,
        1.7575917060510369,
        1.7249558398978546,
        1.7007327279761701,
        1.6820983844228,
        1.669908517679854,
        1.6331800940976589,
        1.6202557495075292,
        1.618900621939251,
        1.5933564773958073,
        1.565991830154734,
        1.5668339443633263,
        1.5394806085911672,
        1.517200244989236,
        1.5186229941563654,
        1.4950861338171757,
        1.4748505660927202,
        1.4892127787958678,
        1.4530325856990254,
        1.4295497362384448,
        1.4368868523893366,
        1.4124218645055686,
        1.4001056403372454,
        1.3963182663801514,
        1.3773330462601379,
        1.3598545679023168,
        1.339151138242069,
        1.35926962141832,
        1.3258694128646484,
        1.3177527301361354,
        1.320087069149913,
        1.299891865697955,
        1.2885961208502807,
        1.286476291546567,
        1.2662758754144197,
        1.262692549009786,
        1.264675987977253,
        1.2481446437470054,
        1.239162817536632,
        1.235787629618639,
        1.218750261890407,
        1.203011191825749,
        1.2085433174838491
    ]
}