{
    "accuracies": [
        0.36750483558994196
    ],
    "test_losses": [
        2.281967739072021
    ],
    "train_losses": [
        2.95980500275234,
        2.772080402531137,
        2.6794616054900326,
        2.5729675217994354,
        2.497799928487068,
        2.444132156284408,
        2.383288287170624,
        2.334641860427635,
        2.2831147433942105,
        2.2213664479341033,
        2.0549467578277993,
        2.005617425818921,
        1.9811952124486294,
        1.9596263307503128,
        1.9455333292974502,
        1.9286523658870556,
        1.9162315144651918,
        1.9024334631510615,
        1.890291167851168,
        1.8779540104628416,
        1.865774349827206,
        1.8549592583780423,
        1.8455012989436363,
        1.8373339643326139,
        1.8262944846090974,
        1.8142682073424274,
        1.8063731136446595,
        1.7961433279266321,
        1.787249040592103,
        1.7786629545440638
    ]
}