{
    "accuracies": [
        0.9084632077332807
    ],
    "test_losses": [
        0.27297089982489015
    ],
    "train_losses": [
        2.180983338726434,
        1.8202448075032263,
        1.672897741703452,
        1.5463672949294716,
        1.4413692045035404,
        1.341467248605594,
        1.2518071666569364,
        1.1714602391963822,
        1.0977287432092038,
        1.0265325321398593,
        0.9622517727100453,
        0.8948161532758343,
        0.8314498685136823,
        0.7691105768940746,
        0.7100734317038121,
        0.6558479124755954,
        0.6034604934155574,
        0.558706282130299,
        0.5175212123927588,
        0.46219238830479975,
        0.4298742394581088,
        0.3945403733765006,
        0.36420855956218684,
        0.33626641343539504,
        0.309271711639867,
        0.28582253911822997,
        0.2653098954776653,
        0.2470682039390216,
        0.2303837730683175,
        0.21539972352702286
    ]
}