{
    "accuracies": [
        0.6800401203610833
    ],
    "test_losses": [
        1.0026545976564183
    ],
    "train_losses": [
        3.6161068138760974,
        3.0099814509137066,
        2.817100191547048,
        2.650945514167601,
        2.4568169501327,
        2.2946549804906686,
        2.169836982656581,
        2.0537468698509005,
        1.9390434082950347,
        1.8665224168967938,
        1.7994120776496259,
        1.7337783876184447,
        1.6732538866886095,
        1.6079028383011411,
        1.560604011529423,
        1.5016367678106273,
        1.4468441474932736,
        1.3685510561885266,
        1.3203705269686776,
        1.2695944622325384,
        1.2047533149806577,
        1.1518252388385022,
        1.1240765032363258,
        1.0740010235348785,
        1.03815153524188,
        0.9975655897246029,
        0.9767516762739801,
        0.9304330697578284,
        0.8996412459924011,
        0.8622077824782733
    ]
}