{
    "accuracies": [
        0.9934898402051686
    ],
    "test_losses": [
        0.026047697732899163
    ],
    "train_losses": [
        1.8529854789526925,
        1.3002641393371046,
        0.9367232257723074,
        0.6785144104381378,
        0.4973160118195337,
        0.38059225280026177,
        0.29752142064879694,
        0.2463209865978114,
        0.20598853169254838,
        0.17996964432639054,
        0.038716412186438884,
        0.021804320127961633,
        0.015642306926888765,
        0.011416199626975248,
        0.008172303561931396,
        0.007031215103626631,
        0.005702294614987101,
        0.0056562742343231,
        0.0035904656392456123,
        0.004165551839117879
    ]
}