{
    "accuracies": [
        0.8976129414085618
    ],
    "test_losses": [
        0.3322800768035524
    ],
    "train_losses": [
        2.182549043260285,
        1.8304796052949202,
        1.6420194667129422,
        1.525311539687593,
        1.436453554791969,
        1.3623009533946817,
        1.298680029585682,
        1.2294879453426224,
        1.1675460318837008,
        1.102879728297858,
        1.0387138247695715,
        0.9813366835508335,
        0.9274148503713925,
        0.8740135612146775,
        0.8251754085585457,
        0.7825870706491935,
        0.7352095935038956,
        0.6982996428630208,
        0.6570163825113882,
        0.6183638094863527,
        0.5799970421514734,
        0.5485412895756644,
        0.5163019231935612,
        0.4828136087162133,
        0.452149974475586,
        0.420048835978702,
        0.3954129912541621,
        0.36570819149025785,
        0.3425397426103105,
        0.31688000286257517
    ]
}