{
    "accuracies": [
        0.9946735056224107
    ],
    "test_losses": [
        0.019951395804534002
    ],
    "train_losses": [
        1.9267366866559783,
        1.420596945847301,
        1.0567715329777003,
        0.7741045525262154,
        0.5668792133817837,
        0.4326037874343804,
        0.33278379767765687,
        0.26908978092184455,
        0.22606991567314774,
        0.18814147341468185,
        0.04664839528584577,
        0.025451560326807118,
        0.01792523710478589,
        0.012165989282962426,
        0.009545787758242429,
        0.007531209628148815,
        0.005359154789864732,
        0.005088041957319081,
        0.005194400972381674,
        0.0029967871173275616,
        0.0036243374809502476,
        0.0036697880187033533,
        0.004670403357656212,
        0.0014609942777918045,
        0.004628166684925854,
        0.0035454872618289764,
        0.0021944203765440463,
        0.0031116665180497796,
        0.0024365727837375047,
        0.0034247915890541444
    ]
}