{
    "accuracies": [
        0.7662988966900702
    ],
    "test_losses": [
        0.6617023764307066
    ],
    "train_losses": [
        3.6445203996664786,
        3.1654111225442594,
        2.9166836085036563,
        2.7712530435933744,
        2.599921366932431,
        2.376013198680732,
        2.1793668718622765,
        1.9811088739442282,
        1.8502991527016108,
        1.6821086411194377,
        1.568071669503895,
        1.4539453720914841,
        1.3457635605579008,
        1.2458180076518721,
        1.1339703591311685,
        1.0564881347978807,
        0.9976806455028804,
        0.9194738102174586,
        0.871076724211016,
        0.7994494656818961,
        0.7787673103810853,
        0.7199638196970675,
        0.6915259045708689,
        0.6588360381805378,
        0.6274557473174662,
        0.577071890963087,
        0.5532137266576492,
        0.5344829700056245,
        0.49307651439614586,
        0.4823491138001485
    ]
}