{
    "accuracies": [
        0.49631966351209256
    ],
    "test_losses": [
        1.8165758432650039
    ],
    "train_losses": [
        2.657738582313053,
        2.505918348241633,
        2.4402934153362525,
        2.38345040002497,
        2.3454346820177037,
        2.2945972645453647,
        2.238544178764773,
        2.1682506432803574,
        2.1289336112523007,
        2.083987610223778,
        2.050912156412982,
        2.0126196911315235,
        1.976271081469364,
        1.9591058245712434,
        1.924260849688032,
        1.9039176505411297,
        1.8660410740305589,
        1.8407310458307091,
        1.8167011002780544,
        1.8010252978352361,
        1.772763422307538,
        1.727622630454107,
        1.7097239495891654,
        1.6856748668375758,
        1.6688012240294576,
        1.6454307440000506,
        1.6088388191309946,
        1.5996940614015949,
        1.5749977772351582,
        1.5359103488997379,
        1.5335095343771035,
        1.5247875763666594,
        1.5005260839260646,
        1.4780459622717148,
        1.4599125745593444,
        1.4497223622890172,
        1.4408380066142747,
        1.4243223555822146,
        1.384832468720215,
        1.3855429052851882,
        1.376593385733038,
        1.3591214955738935,
        1.3462411569918706,
        1.340964716907302,
        1.318487112371291,
        1.3066667514413057,
        1.2881440616635513,
        1.280210893106793,
        1.2641838269062486,
        1.252293127031212,
        1.2524250603797764,
        1.223363114613758,
        1.212829574627044,
        1.2118018051989374,
        1.1945736059840848,
        1.2010034998043673,
        1.1740573931803409,
        1.1659169709441004,
        1.1550055669512103,
        1.1547793128859538
    ]
}