{
    "accuracies": [
        0.444794952681388
    ],
    "test_losses": [
        1.9825850159211866
    ],
    "train_losses": [
        2.6406063269929136,
        2.500187409577927,
        2.4172846824420717,
        2.3528692679673013,
        2.300952707389993,
        2.2250134804116164,
        2.1632791247224237,
        2.1135764288522845,
        2.0669215735080884,
        2.0337668963361692,
        2.013938512799615,
        1.9628758056687787,
        1.9147483001770698,
        1.8767886525876236,
        1.840685952670885,
        1.8218055864893792,
        1.7772770606889765,
        1.7578425842038303,
        1.7269000758564066,
        1.7036229052167966,
        1.6789358901174762,
        1.6493104932560005,
        1.625395616763174,
        1.6050422168688978,
        1.5791736527460116,
        1.556876672234611,
        1.5302231981066612,
        1.5246027995395328,
        1.490406894643072,
        1.4808349862829975,
        1.4537639452190316,
        1.430545901242454,
        1.4197762282478266,
        1.4059735826798117,
        1.381648387341974,
        1.3624944737376814,
        1.342339744469719,
        1.319445741657958,
        1.3059043074091625,
        1.283991058531614,
        1.2823187409145933,
        1.2601874598888572,
        1.2317879155452638,
        1.2321044357865167,
        1.20960809250623,
        1.2142741050780423,
        1.201196893663543,
        1.1798018044693508,
        1.1676801626703919,
        1.157196289766984,
        1.1532606808398878,
        1.1486858655696761,
        1.1376299252462876,
        1.1263254999244243,
        1.1207709300052362,
        1.118864679770079,
        1.1225650169873542,
        1.108374402928506,
        1.1163753291015546,
        1.1085157996570532
    ]
}