{
    "accuracies": [
        0.4674022066198596
    ],
    "test_losses": [
        1.7132567488920007
    ],
    "train_losses": [
        3.632364534371591,
        3.350048812864536,
        3.170653949700938,
        2.9335795888157774,
        2.7244407676600586,
        2.5450535272508055,
        2.3904729673725167,
        2.2203946886181067,
        2.1076663621410257,
        1.996427277821158,
        1.8504520007110632,
        1.8251053622938163,
        1.8085745584709014,
        1.7949004630913266,
        1.7829364651105826,
        1.7713172232367407,
        1.7570552797213415,
        1.7482316516121992,
        1.734325259396758,
        1.7260227712898748,
        1.7144435454515632,
        1.7028169964266429,
        1.6949614534382837,
        1.6850114391104607,
        1.6739118455748774,
        1.6633964272248911,
        1.654445554991466,
        1.647159237123436,
        1.635183317495879,
        1.6276590405526268
    ]
}