{
    "accuracies": [
        0.7291875626880642
    ],
    "test_losses": [
        0.8022650660818056
    ],
    "train_losses": [
        3.5922511725843873,
        3.0766493716603045,
        2.787768404720987,
        2.535020417722042,
        2.3424561277654417,
        2.1696147753444284,
        2.0519212965025475,
        1.9037965205753333,
        1.811463739249536,
        1.7250625916398346,
        1.6366585399616678,
        1.5703705640019234,
        1.4774724757816424,
        1.4246840190594325,
        1.3331594507093936,
        1.279881501793039,
        1.1908735899176865,
        1.1196616466155151,
        1.069469055770078,
        1.025283875047839,
        0.968746233481473,
        0.9149991741235456,
        0.864386603114686,
        0.8394320714639729,
        0.785568044471959,
        0.7607389193020266,
        0.7274107180340439,
        0.6962583190059889,
        0.662195710013613,
        0.6202956330086772
    ]
}