{
    "accuracies": [
        0.45741324921135645
    ],
    "test_losses": [
        1.866466717326428
    ],
    "train_losses": [
        2.6401269223899195,
        2.508907743493115,
        2.4358957059662796,
        2.3726937477328063,
        2.3130353661755048,
        2.2448871702359536,
        2.185041422626305,
        2.117331024676299,
        2.075324408587509,
        2.0320369698696195,
        1.9895162483461433,
        1.9628584009870704,
        1.9271730052535823,
        1.8949165292810362,
        1.8544823603929226,
        1.8308151821611618,
        1.7946314200372833,
        1.770012322843161,
        1.7411344760690066,
        1.6983065540408298,
        1.6719343180595598,
        1.6447981140511014,
        1.615498185424323,
        1.5897065828023076,
        1.558821871204469,
        1.5352205608011187,
        1.5199959480917706,
        1.4795428879023005,
        1.4619672505710997,
        1.4292515597186026,
        1.4124569164112055,
        1.38421596778971,
        1.3713795356055585,
        1.3357789559958875,
        1.3234279784782457,
        1.3077053582371967,
        1.2944255489809458,
        1.2682657357612503,
        1.250497353981627,
        1.2369028776394102,
        1.213963631829133,
        1.1964171986414949,
        1.183660263606479,
        1.163003817649479,
        1.1506966094696003,
        1.1407534135229946,
        1.1270752214027615,
        1.1027459824820591,
        1.0983257582826425,
        1.0905111347015604,
        1.0776223323226963,
        1.0710776587559896,
        1.068436361207439,
        1.0640683779979276,
        1.045879689891072,
        1.0456139490853074,
        1.0382511839339188,
        1.0583859124372432,
        1.0393500847282118,
        1.0366374554249012
    ]
}