{
    "accuracies": [
        0.9438314944834504
    ],
    "test_losses": [
        0.17409586001452854
    ],
    "train_losses": [
        3.189961150963443,
        2.192805082402285,
        1.5953427985461979,
        1.1251944597236128,
        0.8555141595216673,
        0.6885064097782432,
        0.6055083692488834,
        0.5107813328560645,
        0.481618131963664,
        0.39759702592613316,
        0.20766516637864188,
        0.16358712465113132,
        0.1521717576325695,
        0.1400826763940746,
        0.13284690319471087,
        0.12150883085566772,
        0.11447913728522591,
        0.10776114263322348,
        0.10036187417447201,
        0.09476335188802722,
        0.08839143758910525,
        0.08197381468743306,
        0.07738157906147752,
        0.07351632543883095,
        0.06730945439657084,
        0.06318355593496187,
        0.06065646388076443,
        0.05435170654934264,
        0.05235514815221764,
        0.04816384276971286
    ]
}