{
    "accuracies": [
        0.2620889748549323
    ],
    "test_losses": [
        2.5905237174818088
    ],
    "train_losses": [
        3.1119106419142977,
        2.952920184253089,
        2.914106812520943,
        2.8672651158015854,
        2.8384601705363828,
        2.814407550256265,
        2.792503561440677,
        2.755431808938597,
        2.7229818335811355,
        2.6898105612802343,
        2.640213998204911,
        2.629761524112777,
        2.6241379795757305,
        2.6189849413588937,
        2.6140131254846715,
        2.6101875764826503,
        2.6051441911458393,
        2.601135853009346,
        2.5966185609903323,
        2.59221767133483,
        2.588988657209916,
        2.5842778078299764,
        2.579438325570987,
        2.57637853707792,
        2.5729472757135547,
        2.5690531653370554,
        2.565313360572265,
        2.5621806313349076,
        2.5572149917360774,
        2.5549453852773003
    ]
}