{
    "accuracies": [
        0.9518555667001003
    ],
    "test_losses": [
        0.1312103392238707
    ],
    "train_losses": [
        3.319196310385514,
        2.246962187505848,
        1.504597218583121,
        1.0809705029794974,
        0.8313193186704434,
        0.7011013764118313,
        0.5496295512530155,
        0.5054510587649009,
        0.4271554948254745,
        0.39572486268963303,
        0.1778767597644852,
        0.12834629141240134,
        0.11225820713286387,
        0.10247731623625968,
        0.09417531491933631,
        0.08510562984020233,
        0.07771549047464081,
        0.07094355232162108,
        0.06470874639904425,
        0.05946485666287219,
        0.05432478526029738,
        0.05247929197152007,
        0.043779752055265304,
        0.04057716729808536,
        0.038277778219748974,
        0.0369696872816632,
        0.031956044664586764,
        0.02957251121567754,
        0.02611252526539887,
        0.026562087892190982
    ]
}